window,localAT_near,localAT_far
15,0.5782012206016717,0.5159227443171774
50,0.5551182615525917,0.5193223903040916
